step,acc,loss,epoch,val_acc,val_loss
49,0.703125,0.5872883796691895,0,,
99,0.75,0.5161122679710388,0,,
149,0.78125,0.46004518866539,0,,
199,0.8359375,0.40955448150634766,0,,
219,,,0,0.7530785799026489,0.44992756843566895
249,0.7265625,0.5259522795677185,1,,
299,0.765625,0.44629719853401184,1,,
349,0.8125,0.4423849284648895,1,,
399,0.765625,0.4405469596385956,1,,
439,,,1,0.7698203921318054,0.4285964369773865
449,0.8125,0.4207379221916199,2,,
499,0.7734375,0.41188424825668335,2,,
549,0.78125,0.42037996649742126,2,,
599,0.75,0.4809950292110443,2,,
649,0.75,0.4924795925617218,2,,
659,,,2,0.7743863463401794,0.4164210855960846
699,0.7890625,0.41337522864341736,3,,
749,0.84375,0.3989641070365906,3,,
799,0.734375,0.4549294710159302,3,,
849,0.78125,0.4562733471393585,3,,
879,,,3,0.7791460156440735,0.4101041853427887
899,0.734375,0.5099495053291321,4,,
949,0.71875,0.5076658725738525,4,,
999,0.75,0.4324226975440979,4,,
1049,0.796875,0.4376169443130493,4,,
1099,0.8533333539962769,0.3121704161167145,4,,
1099,,,4,0.7832692265510559,0.40561607480049133
1149,0.7421875,0.4212518334388733,5,,
1199,0.78125,0.4115760028362274,5,,
1249,0.8125,0.36615774035453796,5,,
1299,0.78125,0.401415079832077,5,,
1319,,,5,0.785842776298523,0.4076191782951355
1349,0.6953125,0.4765978157520294,6,,
1399,0.8203125,0.3748365044593811,6,,
1449,0.8046875,0.3845198452472687,6,,
1499,0.8125,0.3827277719974518,6,,
1539,,,6,0.7902703881263733,0.40093812346458435
1549,0.8359375,0.38589441776275635,7,,
1599,0.765625,0.36645257472991943,7,,
1649,0.8125,0.4118387699127197,7,,
1699,0.7265625,0.4603576958179474,7,,
1749,0.8125,0.44857463240623474,7,,
1759,,,7,0.7910451889038086,0.39907845854759216
1799,0.828125,0.36129090189933777,8,,
1849,0.875,0.3397809863090515,8,,
1899,0.7890625,0.399285227060318,8,,
1949,0.765625,0.424056738615036,8,,
1979,,,8,0.7939507961273193,0.39764243364334106
1999,0.765625,0.4664420187473297,9,,
2049,0.71875,0.4969516098499298,9,,
2099,0.8046875,0.3880789577960968,9,,
2149,0.7890625,0.4337655007839203,9,,
2199,0.7866666913032532,0.31697580218315125,9,,
2199,,,9,0.7930929660797119,0.39842385053634644
2249,0.7890625,0.42146676778793335,10,,
2299,0.8125,0.3947297930717468,10,,
2349,0.8203125,0.36117231845855713,10,,
2399,0.828125,0.3505071699619293,10,,
2419,,,10,0.7961922883987427,0.3951805830001831
2449,0.7421875,0.4543688893318176,11,,
2499,0.8359375,0.3544512391090393,11,,
2549,0.8203125,0.3389316499233246,11,,
2599,0.796875,0.3742336630821228,11,,
2639,,,11,0.79646897315979,0.39203572273254395
2649,0.828125,0.37720760703086853,12,,
2699,0.796875,0.3892959654331207,12,,
2749,0.7890625,0.43617263436317444,12,,
2799,0.7265625,0.4465881288051605,12,,
2849,0.7890625,0.45801934599876404,12,,
2859,,,12,0.7987381219863892,0.39262375235557556
2899,0.8203125,0.3528647720813751,13,,
2949,0.8203125,0.35682204365730286,13,,
2999,0.8046875,0.3695279657840729,13,,
3049,0.8125,0.381110817193985,13,,
3079,,,13,0.7991255521774292,0.3918476402759552
3099,0.7265625,0.5017756819725037,14,,
3149,0.75,0.47119951248168945,14,,
3199,0.8203125,0.39388686418533325,14,,
3249,0.7890625,0.41801199316978455,14,,
3299,0.8933333158493042,0.2762806713581085,14,,
3299,,,14,0.7985167503356934,0.3897683620452881
3349,0.796875,0.4337148368358612,15,,
3399,0.8046875,0.38964635133743286,15,,
3449,0.796875,0.3716624975204468,15,,
3499,0.828125,0.3538503646850586,15,,
3519,,,15,0.8003154397010803,0.3866235017776489
3549,0.75,0.43373554944992065,16,,
3599,0.8671875,0.3420737087726593,16,,
3649,0.8359375,0.35543516278266907,16,,
3699,0.8203125,0.3569132387638092,16,,
3739,,,16,0.8002601265907288,0.3869411051273346
3749,0.7890625,0.3986254930496216,17,,
3799,0.7890625,0.35464775562286377,17,,
3849,0.7890625,0.40702024102211,17,,
3899,0.7421875,0.4438360035419464,17,,
3949,0.796875,0.4468075633049011,17,,
3959,,,17,0.8011179566383362,0.38650113344192505
3999,0.8125,0.3501060903072357,18,,
4049,0.859375,0.345209538936615,18,,
4099,0.8125,0.37886232137680054,18,,
4149,0.8125,0.3833840489387512,18,,
4179,,,18,0.8028889894485474,0.385865181684494
4199,0.734375,0.4947105646133423,19,,
4249,0.765625,0.4599771797657013,19,,
4299,0.7734375,0.39111679792404175,19,,
4349,0.8046875,0.40971487760543823,19,,
4399,0.8799999952316284,0.28007861971855164,19,,
4399,,,19,0.8018928170204163,0.38545843958854675
4449,0.7890625,0.4164234399795532,20,,
4499,0.7890625,0.4059121906757355,20,,
4549,0.8125,0.3533684015274048,20,,
4599,0.8359375,0.3413873016834259,20,,
4619,,,20,0.8024462461471558,0.38599681854248047
4649,0.734375,0.439006507396698,21,,
4699,0.8671875,0.3342023193836212,21,,
4749,0.8125,0.3428421914577484,21,,
4799,0.8046875,0.35611313581466675,21,,
4839,,,21,0.8020035028457642,0.3846413195133209
4849,0.828125,0.4013978838920593,22,,
4899,0.7734375,0.37491732835769653,22,,
4949,0.7890625,0.3951821029186249,22,,
4999,0.7734375,0.42828992009162903,22,,
5049,0.7578125,0.46196484565734863,22,,
5059,,,22,0.8029996752738953,0.38397878408432007
5099,0.8046875,0.36999860405921936,23,,
5149,0.828125,0.34681612253189087,23,,
5199,0.8046875,0.35814982652664185,23,,
5249,0.8359375,0.36563020944595337,23,,
5279,,,23,0.8006752133369446,0.38394561409950256
5299,0.75,0.473427414894104,24,,
5349,0.75,0.4737015962600708,24,,
5399,0.765625,0.39991360902786255,24,,
5449,0.796875,0.3981300890445709,24,,
5499,0.8666666746139526,0.2712499797344208,24,,
5499,,,24,0.8028889894485474,0.38489916920661926
5549,0.765625,0.42007240653038025,25,,
5599,0.7890625,0.37616342306137085,25,,
5649,0.7734375,0.35353025794029236,25,,
5699,0.828125,0.36168941855430603,25,,
5719,,,25,0.8015053868293762,0.3852251172065735
5749,0.765625,0.40681952238082886,26,,
5799,0.84375,0.33878710865974426,26,,
5849,0.8046875,0.33661749958992004,26,,
5899,0.796875,0.3652370572090149,26,,
5939,,,26,0.8018374443054199,0.38512206077575684
5949,0.8046875,0.407611221075058,27,,
5999,0.8046875,0.37159836292266846,27,,
6049,0.78125,0.3963819742202759,27,,
6099,0.75,0.4161858856678009,27,,
6149,0.7734375,0.4505596160888672,27,,
6159,,,27,0.8062096834182739,0.3822561502456665
6199,0.8125,0.34522050619125366,28,,
6249,0.859375,0.3437926769256592,28,,
6299,0.7890625,0.3625909984111786,28,,
6349,0.828125,0.3771727681159973,28,,
6379,,,28,0.8034701347351074,0.38483768701553345
6399,0.7421875,0.47324714064598083,29,,
6449,0.7421875,0.4727117717266083,29,,
6499,0.75,0.3767485022544861,29,,
6549,0.8046875,0.39186179637908936,29,,
6599,0.8133333325386047,0.289506196975708,29,,
6599,,,29,0.8057116270065308,0.3812949061393738
6649,0.7890625,0.42059963941574097,30,,
6699,0.8359375,0.36495643854141235,30,,
6749,0.828125,0.33775362372398376,30,,
6799,0.8203125,0.3584256172180176,30,,
6819,,,30,0.804106593132019,0.38139504194259644
6849,0.75,0.4191402494907379,31,,
6899,0.8046875,0.34483107924461365,31,,
6949,0.7734375,0.3704131245613098,31,,
6999,0.8125,0.34869977831840515,31,,
7039,,,31,0.8043556213378906,0.38183462619781494
7049,0.7890625,0.41684773564338684,32,,
7099,0.8125,0.3560808300971985,32,,
7149,0.7890625,0.4136056900024414,32,,
7199,0.75,0.41056227684020996,32,,
7249,0.828125,0.421310156583786,32,,
7259,,,32,0.8053241968154907,0.38127416372299194
7299,0.8046875,0.3539913296699524,33,,
7349,0.8359375,0.3491983711719513,33,,
7399,0.8359375,0.36603787541389465,33,,
7449,0.84375,0.394412636756897,33,,
7479,,,33,0.8028613328933716,0.38114088773727417
7499,0.765625,0.4763373136520386,34,,
7549,0.7578125,0.4594745934009552,34,,
7599,0.796875,0.37688949704170227,34,,
7649,0.7890625,0.40037164092063904,34,,
7699,0.8399999737739563,0.29486459493637085,34,,
7699,,,34,0.8063203692436218,0.38098084926605225
7749,0.7890625,0.4236329197883606,35,,
7799,0.8125,0.3781540095806122,35,,
7849,0.828125,0.34623467922210693,35,,
7899,0.84375,0.3373223841190338,35,,
7919,,,35,0.8051581382751465,0.3823603391647339
7949,0.7578125,0.403207004070282,36,,
7999,0.8515625,0.3355397880077362,36,,
8049,0.8125,0.3532387614250183,36,,
8099,0.796875,0.3555126488208771,36,,
8139,,,36,0.8039959073066711,0.38129037618637085
8149,0.8125,0.38281089067459106,37,,
8199,0.8046875,0.34495651721954346,37,,
8249,0.8046875,0.40271320939064026,37,,
8299,0.75,0.4144035577774048,37,,
8349,0.8203125,0.42470428347587585,37,,
8359,,,37,0.8048537373542786,0.38093283772468567
8399,0.8203125,0.3435121774673462,38,,
8449,0.84375,0.36154842376708984,38,,
8499,0.8125,0.35349589586257935,38,,
8549,0.8359375,0.38162803649902344,38,,
8579,,,38,0.8070398569107056,0.3799310326576233
8599,0.71875,0.5001181960105896,39,,
8649,0.734375,0.4682757258415222,39,,
8699,0.765625,0.37339314818382263,39,,
8749,0.7578125,0.4022791385650635,39,,
8799,0.8799999952316284,0.27458760142326355,39,,
8799,,,39,0.8047153949737549,0.3802572786808014
8849,0.78125,0.4307616949081421,40,,
8899,0.78125,0.37700557708740234,40,,
8949,0.8125,0.32919037342071533,40,,
8999,0.796875,0.35707226395606995,40,,
9019,,,40,0.8070398569107056,0.3806101679801941
9049,0.7578125,0.3966842591762543,41,,
9099,0.828125,0.34050241112709045,41,,
9149,0.828125,0.3488213121891022,41,,
9199,0.796875,0.3546098470687866,41,,
9239,,,41,0.8062373995780945,0.37946996092796326
9249,0.8046875,0.4001573920249939,42,,
9299,0.8125,0.3472352921962738,42,,
9349,0.7890625,0.38799646496772766,42,,
9399,0.765625,0.3992106020450592,42,,
9449,0.8125,0.41746044158935547,42,,
9459,,,42,0.8074826598167419,0.3787249028682709
9499,0.765625,0.3538352847099304,43,,
9549,0.828125,0.3629659116268158,43,,
9599,0.8359375,0.3591308891773224,43,,
9649,0.8515625,0.378269225358963,43,,
9679,,,43,0.8052688241004944,0.3810601234436035
9699,0.75,0.4922511875629425,44,,
9749,0.71875,0.47742921113967896,44,,
9799,0.796875,0.38054317235946655,44,,
9849,0.8046875,0.3967008888721466,44,,
9899,0.8666666746139526,0.26633793115615845,44,,
9899,,,44,0.8060436844825745,0.37947162985801697
9949,0.78125,0.41609883308410645,45,,
9999,0.78125,0.37369048595428467,45,,
10049,0.8203125,0.3385501503944397,45,,
10099,0.8125,0.34737998247146606,45,,
10119,,,45,0.8066524863243103,0.3810981810092926
10149,0.765625,0.40374159812927246,46,,
10199,0.8828125,0.32382240891456604,46,,
10249,0.8203125,0.3354618549346924,46,,
10299,0.828125,0.3436722755432129,46,,
10339,,,46,0.8064864277839661,0.37822219729423523
10349,0.8203125,0.3959088623523712,47,,
10399,0.8203125,0.34410250186920166,47,,
10449,0.7734375,0.40558892488479614,47,,
10499,0.75,0.4096122086048126,47,,
10549,0.8046875,0.4315469563007355,47,,
10559,,,47,0.8065418004989624,0.3795537054538727
10599,0.796875,0.3472112715244293,48,,
10649,0.84375,0.36063331365585327,48,,
10699,0.828125,0.36273205280303955,48,,
10749,0.8125,0.38740622997283936,48,,
10779,,,48,0.8070952296257019,0.3775874674320221
10799,0.734375,0.4806821346282959,49,,
10849,0.7578125,0.4695212244987488,49,,
10899,0.8125,0.3651919662952423,49,,
10949,0.7890625,0.39691415429115295,49,,
10999,0.8799999952316284,0.27575376629829407,49,,
10999,,,49,0.8081191182136536,0.3787679970264435
